uri,key,query
http://cache.yahoofs.jp/search/cache?c=XQEWneEhysgJ&p=%e3%82%a2%e3%83%b3%e3%83%91%e3%83%b3%e3%83%9e%e3%83%b3+%e9%a8%92%e3%81%8c%e3%81%97%e3%81%84%e3%81%ae%e8%8b%a6%e6%89%8b&u=https://tgws.plus/anpandb/baikinman,p,アンパンマン 騒がしいの苦手
http://cache.yahoofs.jp/search/cache?c=pI5Y_9rHgEIJ&p=%e3%82%a2%e3%83%b3%e3%83%91%e3%83%b3%e3%83%9e%e3%83%b3%e3%81%a8%e3%82%b5%e3%83%b3%e3%82%bf%e3%81%ae%e6%89%8b%e7%b4%99&u=https://tgws.plus/anpandb/tv-xmas2014,p,アンパンマンとサンタの手紙
http://cgi.search.biglobe.ne.jp/cgi-bin/search2-b?search=%e6%a4%9c%e7%b4%a2&web_s.x=1&q=%e3%82%a2%e3%83%b3%e3%83%91%e3%83%b3%e3%83%9e%e3%83%b3DB&bt01=%e6%a4%9c%e7%b4%a2,q,アンパンマンDB
http://cgi.search.biglobe.ne.jp/cgi-bin/search_bl_top?q=%e3%82%a2%e3%83%b3%e3%83%91%e3%83%b3%e3%83%9e%e3%83%b3db&sub=%e6%a4%9c%e7%b4%a2&ie=utf8&num=10&start=0&ocgxa=0610,q,アンパンマンdb
http://cgi2.nintendo.co.jp/gsearch/search.html?l=ja&c=JP&p=%e3%83%89%e3%83%ad%e3%83%b3%e3%82%ac,p,ドロンガ
http://cn.bing.com/search?pc=cosp&ptag=A91255CDCDA&conlogo=CT3210127&q=%e3%82%b5%e3%82%af%e3%81%95%e3%82%93,q,サクさん
http://cn.bing.com/search?q=%e3%82%af%e3%83%aa%e3%81%a1%e3%82%83%e3%82%93&qs=n&form=QBRE&pq=%e3%82%af%e3%83%aa%e3%81%a1%e3%82%83%e3%82%93&sc=0-5&sp=-1&sk=&cvid=D1F4BE2FD494403897440E35F02656F7,q,クリちゃん
http://decomailer.awalker.jp/websearch.php?q=%e3%82%a2%e3%83%b3%e3%83%91%e3%83%b3%e3%83%9e%e3%83%b3%e3%82%ad%e3%83%a3%e3%83%a9,q,アンパンマンキャラ
http://decomailer.awalker.jp/websearch.php?q=%e3%82%af%e3%83%aa%e3%83%bc%e3%83%a0%e3%82%b7%e3%83%81%e3%83%a5%e3%83%bc%e3%81%8a%e3%81%b0%e3%81%95%e3%82%93+%e3%82%a2%e3%83%b3%e3%83%91%e3%83%b3%e3%83%9e%e3%83%b3,q,クリームシチューおばさん アンパンマン
http://docomo.ne.jp/cp/as-rslt.cgi?pno=1&key=%e3%82%a2%e3%83%b3%e3%83%91%e3%83%b3%e3%83%9e%e3%83%b3%e3%80%81%e6%bf%a1%e3%82%8c%e3%81%9f%e9%a1%94&sid=000,key,アンパンマン、濡れた顔
http://docomo.ne.jp/cp/as-rslt.cgi?pno=1&key=%e3%82%a2%e3%83%b3%e3%83%91%e3%83%b3%e3%83%9e%e3%83%b3+%e3%83%90%e3%83%aa%e3%82%a8%e3%83%bc%e3%82%b7%e3%83%a7%e3%83%b3&sid=B01,key,アンパンマン バリエーション
http://ecnavi.jp/m/spsearch/?Keywords=%e3%83%91%e3%82%b9%e3%82%bf%e3%81%8a%e3%81%b0%e3%81%95%e3%82%93,Keywords,パスタおばさん
http://ecnavi.jp/search/bar/?Keywords=%e3%83%a1%e3%83%ad%e3%83%b3%e3%83%91%e3%83%b3%e3%81%aa+%e3%83%91%e3%83%b3%e3%83%81,Keywords,メロンパンな パンチ
http://eonet.jp/search.html?q=%e3%81%9d%e3%82%8c%e3%81%84%e3%81%91%e3%82%a2%e3%83%b3%e3%83%91%e3%83%b3%e3%83%9e%e3%83%b3%e7%84%a1%e6%96%99%e7%94%bb%e5%83%8f,q,それいけアンパンマン無料画像
http://eonet.jp/search.html?q=%e3%82%a2%e3%83%b3%e3%83%91%e3%83%b3%e3%83%9e%e3%83%b3+%e8%a1%a8%e6%83%85,q,アンパンマン 表情
http://gensun.org/?q=%e3%81%99%e3%82%8f%e3%82%8b,q,すわる
http://gtech.starthome.jp/type/web/page/1/?area=web-searchbox&keyword=%e3%81%82%e3%81%8b%e3%81%a1%e3%82%83%e3%82%93%e3%81%be%e3%82%93,keyword,あかちゃんまん
http://guzome.com/41446/%e3%82%a2%e3%83%b3%e3%83%91%e3%83%b3%e3%83%9e%e3%83%b3-%e3%81%86%e3%81%95%e3%81%8e.html,=HttpUtility.UrlDecode(Path.GetFileNameWithoutExtension(uri.AbsolutePath)),アンパンマン-うさぎ
http://gws.cybozu.net/?Keywords=%e3%83%8a%e3%83%b3%e3%82%ab%e3%83%98%e3%83%b3%e3%83%80%e3%83%bc,Keywords,ナンカヘンダー
http://gws.cybozu.net/?Keywords=%e3%83%8f%e3%83%ad%e3%82%a6%e3%82%a3%e3%83%b3%e3%83%9e%e3%83%b3,Keywords,ハロウィンマン
http://home.kingsoft.jp/type/web?area=web-searchbox&page=1&keyword=%e3%82%a2%e3%82%af%e3%82%a2%e3%81%a1%e3%82%83%e3%82%93&area=web-searchbox&page=1,keyword,アクアちゃん
http://home.kingsoft.jp/type/web?area=web-searchbox&page=1&keyword=%e3%82%b9%e3%83%bc%e3%83%91%e3%83%bc%e3%83%90%e3%82%a4%e3%82%ad%e3%83%b3%e3%81%9c%e3%82%93%e3%81%be%e3%81%84%e3%83%ad%e3%83%9c&area=web-searchbox&page=1,keyword,スーパーバイキンぜんまいロボ
http://i.fileseek.jp/search_image.cgi?key=%e3%82%a2%e3%83%b3%e3%83%91%e3%83%b3%e3%83%9e%e3%83%b3+%e3%83%9e%e3%82%b0%e3%83%9e%e3%83%b3&style=&numitem=10&domain=&filter=0,key,アンパンマン マグマン
http://image.search.yahoo.co.jp/search?rkf=2&ei=UTF-8&gdr=1&p=%e3%82%a2%e3%83%b3%e3%83%91%e3%83%b3%e3%83%9e%e3%83%b3%e3%82%ad%e3%83%a3%e3%83%a9%e3%82%af%e3%82%bf%e3%83%bc+%e3%82%84%e3%81%bf%e3%82%8b%e3%82%93%e3%82%8b%e3%82%93,p,アンパンマンキャラクター やみるんるん
http://image.search.yahoo.co.jp/search?rkf=2&ei=UTF-8&p=%e3%82%a2%e3%83%b3%e3%83%91%e3%83%b3%e3%83%9e%e3%83%b3+%e3%81%99%e3%81%aa%e3%81%8a%e3%81%a8%e3%81%93,p,アンパンマン すなおとこ
http://image.search.yahoo.co.jp/search?rkf=2&ei=UTF-8&p=%e3%83%90%e3%82%a4%e3%82%ad%e3%83%b3%e4%bb%99%e4%ba%ba,p,バイキン仙人
http://images.google.co.jp/imgres?imgurl=https://tgws.plus/anpandb/image-289s&imgrefurl=https://tgws.plus/anpandb/chara-15&h=120&w=160&tbnid=6YGWixDFv3fRuM:&vet=1&q=%e3%82%84%e3%81%aa%e3%81%9b%e3%81%9f%e3%81%8b%e3%81%97:%e3%82%aa%e3%83%bc%e3%83%ad%e3%83%a9%e5%a7%ab&tbnh=74&tbnw=98&iact=rc&usg=__xtaeD7JvtPzPjgvg223vfK6Cphs=&hl=ja&ei=hXo1WKjqNYeY8QXrq4KAAw&tbm=isch&client=ds&sa=X&ved=0ahUKEwjowLWm4L7QAhUHTLwKHeuVADA4DhCtAwgfMAE,q,やなせたかし:オーロラ姫
http://images.google.co.jp/imgres?imgurl=https://tgws.plus/anpandb/pimg-00114000-00113471&imgrefurl=https://tgws.plus/anpandb/chara-150&h=169&w=120&tbnid=mhWc-PTt5HEXcM:&vet=1&q=%e3%83%aa%e3%83%a3%e3%83%b3%e3%83%a1%e3%83%b3%e3%81%95%e3%82%93&tbnh=99&tbnw=70&iact=rc&usg=__a1iaya7sfsh0sg8X5Rion9IjDFY=&hl=ja&ei=IJ0tWNGQOYWj0gTr75X4BQ&tbm=isch&client=ds&sa=X&ved=0ahUKEwjRoN-W4K_QAhWFkZQKHet3BV8QrQMIMzAL,q,リャンメンさん
http://images.search.biglobe.ne.jp/cgi-bin/search?q=%e3%82%a2%e3%83%b3%e3%83%91%e3%83%b3%e3%83%9e%e3%83%b3%e3%82%a2%e3%83%ad%e3%83%9e%e3%81%a1%e3%82%83%e3%82%93&searchBtn=%e6%a4%9c%e7%b4%a2&ie=utf8&o_sf=1&o_cr=all&o_si=&o_ft=all&o_sz=all,q,アンパンマンアロマちゃん
http://images.search.biglobe.ne.jp/cgi-bin/search?start=320&q=%e3%83%8f%e3%83%b3%e3%83%90%e3%83%bc%e3%82%ac%e3%83%bc%e3%82%ad%e3%83%83%e3%83%89,q,ハンバーガーキッド
http://imagesearch.excite.co.jp/?q=%e3%83%81%e3%82%a7%e3%83%ad%e3%83%92%e3%82%ad%e3%83%bc+%e3%82%a2%e3%83%b3%e3%83%91%e3%83%b3%e3%83%9e%e3%83%b3&page=1,q,チェロヒキー アンパンマン
http://imagesearch.excite.co.jp/?search=%e3%82%84%e3%81%bf%e3%82%8b%e3%82%93%e3%82%8b%e3%82%93&look=excite-iphone_jp,search,やみるんるん
http://int.search.myway.com/search/GGmain.jhtml?searchfor=%e9%89%84%e7%81%ab%e3%81%aemakicyan&n=783A6592&p2=^Y6^xpu310^TTAB02^jp&ptb=1B3DA2A6-E408-458C-AFE2-F7052552EBD4&qs=&si=adwords-fac30abc3f838e28fb7f2d0078cc148b&ss=sub&st=tab&trs=wtt&tpr=sbt&ts=1510650286656,searchfor,鉄火のmakicyan
http://int.search.tb.ask.com/search/GGmain.jhtml?n=781b69f8&p2=^BBQ^xdm328^LAJAJP^jp&pg=GGmain&pn=1&ptb=75C02E40-7A35-4063-8173-27B7BDA39916&qs=&si=CLGon6aNrMYCFYiCvQodCKIM4Q&ss=sub&st=bar&searchfor=%e3%82%a2%e3%83%b3%e3%83%91%e3%83%b3%e3%83%9e%e3%83%b3%e3%82%86%e3%81%9a%e5%a7%ab&tpr=jrel2&ots=1479520519080,searchfor,アンパンマンゆず姫
http://int.search.tb.ask.com/search/GGmain.jhtml?p2=^BBQ^xdm328^LAJAJP^jp&si=CNTT-M2b7MoCFdcSvQodO_UDyA&ptb=BBB9CF85-D3E1-4771-B419-8A1126BACCEE&ind=2016020922&n=782a09ba&st=bar&searchfor=PVD%e3%81%a8CVD%e3%81%a9%e3%81%a1%e3%82%89%e3%81%8c%e5%a4%9a%e3%81%8f%e4%bd%bf%e3%82%8f%e3%82%8c%e3%81%a6%e3%81%84%e3%82%8b%e3%81%8b%ef%bc%9f,searchfor,PVDとCVDどちらが多く使われているか？
http://isearch.babylon.com/?q=%e3%81%be%e3%81%84%e3%81%8f%e3%82%89%e3%81%be%e3%82%93%e3%81%a8&babsrc=HP_ss_din2g&s=web&as=0&ac=0&sd=1,q,まいくらまんと
http://jp.hao123.com/yahoo-search-demo-sample?query=%e3%82%a2%e3%83%b3%e3%83%91%e3%83%b3%e3%83%81%e7%94%bb%e5%83%8f&pn=1,query,アンパンチ画像
http://jp.hao123.com/yahoo-search-demo-sample?query=%e3%82%a4%e3%83%a9%e3%82%b9%e3%83%88%e3%83%90%e3%82%a4%e3%81%8d%e3%82%93%e3%81%be%e3%82%93%e3%83%90%e3%82%a4%e3%83%90%e3%82%a4%e3%82%ad%e3%83%bc%e3%83%b3&pn=1,query,イラストバイきんまんバイバイキーン
http://jwsearch.jword.jp/search?q=%e3%82%ab%e3%83%ac%e3%83%bc%e3%83%91%e3%83%b3%e3%83%9e%e3%83%b3%e3%81%a8%e3%81%8f%e3%82%8a%e3%81%8d%e3%82%93%e3%81%a8%e3%82%93&act=image&pvs=e-start-search-box&inec=utf-8&per_page=4,q,カレーパンマンとくりきんとん
http://jwsearch.jword.jp/search?q=%e3%82%b3%e3%82%ad%e3%83%b3%e3%81%a1%e3%82%83%e3%82%93+%e7%94%bb%e5%83%8f&act=image&pvs=e-start-search-box&inec=utf-8&per_page=15,q,コキンちゃん 画像
http://kabegami10.com/101701/%e3%82%a2%e3%83%b3%e3%83%91%e3%83%b3%e3%83%9e%e3%83%b3-%e3%83%95%e3%83%a9%e3%83%b3%e3%82%b1%e3%83%b3%e3%83%ad%e3%83%9c%e3%81%8f%e3%82%93.html,=HttpUtility.UrlDecode(Path.GetFileNameWithoutExtension(uri.AbsolutePath)),アンパンマン-フランケンロボくん
http://kabukabu.me/56/%e3%82%a2%e3%83%b3%e3%83%91%e3%83%b3%e3%83%9e%e3%83%b3%e3%82%ad%e3%83%a3%e3%83%a9%e3%82%af%e3%82%bf%e3%83%bc-%e5%9b%b3%e9%91%91.html,=HttpUtility.UrlDecode(Path.GetFileNameWithoutExtension(uri.AbsolutePath)),アンパンマンキャラクター-図鑑
http://menimeni.com/51523/%e3%82%a2%e3%83%b3%e3%83%91%e3%83%b3%e3%83%9e%e3%83%b3-%e3%82%b5%e3%83%8b%e3%83%bc%e5%a7%ab.html,=HttpUtility.UrlDecode(Path.GetFileNameWithoutExtension(uri.AbsolutePath)),アンパンマン-サニー姫
http://mobss.jword.jp/search?q=%e3%81%9e%e3%81%86%e3%81%ae%e3%82%ad%e3%83%a3%e3%83%a9%e3%82%af%e3%82%bf%e3%83%bc&p=simeji&pv=&t=web&sid=,q,ぞうのキャラクター
http://mobss.jword.jp/search?q=%e3%82%a2%e3%83%b3%e3%83%91%e3%83%b3%e3%83%9e%e3%83%b3+%e3%82%ab%e3%83%83%e3%83%97%e3%82%b1%e3%83%bc%e3%82%ad%e3%81%a1%e3%82%83%e3%82%93&p=infoseek&pv=&t=web&sid=,q,アンパンマン カップケーキちゃん
http://netlavis.azione.jp/search/?q=%e3%81%93%e3%81%8d%e3%82%93%e3%81%a1%e3%82%83%e3%82%93,q,こきんちゃん
http://nortonsafe.search.ask.com/web?q=%e3%81%be%e3%81%97%e3%82%85%e3%81%be%e3%82%8d%e3%81%95%e3%82%93&chn=retail&doi=&geo=JP&guid=&locale=ja_JP&o=APN10506&prt=360&ver=21&tpr=2&ts=1478750234683,q,ましゅまろさん
http://pex.jp/search?utf8=%e2%9c%93&keyword=%e3%82%a2%e3%83%b3%e3%82%b3%e3%83%a9&commit=%e6%a4%9c%e7%b4%a2,keyword,アンコラ
http://pex.jp/search?utf8=%e2%9c%93&keyword=%e3%83%a1%e3%82%b3%e3%82%a4%e3%82%b9%e3%81%a4%e3%81%bc&commit=%e6%a4%9c%e7%b4%a2,keyword,メコイスつぼ
http://realtime.search.yahoo.co.jp/search?p=%e3%81%8b%e3%81%9c%e3%81%93%e3%82%93%e3%81%93%e3%82%93&ei=UTF-8&fr=top_ga1_sa,p,かぜこんこん
http://realtime.search.yahoo.co.jp/search?p=%e5%a4%a7%e5%8f%8b%e9%be%8d%e4%b8%89%e9%83%8e&search.x=1&tid=top_ga1_sa&ei=UTF-8&aq=1&oq=%e5%a4%a7%e5%8f%8b%e3%82%8a%e3%82%85%e3%81%86&fr=top_ga1_sa,p,大友龍三郎
http://search.auone.jp/?q=%e3%82%a2%e3%83%b3%e3%83%91%e3%83%b3%e3%83%9e%e3%83%b3+%e3%82%a2%e3%83%b3%e3%83%91%e3%83%b3%e3%83%81+%e7%94%bb%e5%83%8f&sr=0001&ie=UTF-8&lr=,q,アンパンマン アンパンチ 画像
http://search.auone.jp/?q=%e3%83%89%e3%82%ad%e3%83%b3%e3%81%a1%e3%82%83%e3%82%93&client=kddi-auone-suggest&sr=0101&ie=SJIS,q,ドキンちゃん
http://search.azby.fmworld.net/imagesearch/search?select=2&cflg=%e6%a4%9c%e7%b4%a2&q=%e3%81%bb%e3%81%9f%e3%82%8b%e5%a7%ab+%e3%81%bb%e3%81%9f%e3%82%8b%e7%8e%8b%e5%ad%90&ss=up,q,ほたる姫 ほたる王子
http://search.azby.fmworld.net/imagesearch/search?select=2&cflg=%e6%a4%9c%e7%b4%a2&q=%e3%82%a2%e3%83%b3%e3%83%91%e3%83%b3%e3%83%9e%e3%83%b3%e3%81%a8%e3%82%b5%e3%83%b3%e3%82%bf%e3%81%95%e3%82%93%e3%81%b8%e3%81%ae%e6%89%8b%e7%b4%99&ss=up,q,アンパンマンとサンタさんへの手紙
http://search.azby.fmworld.net/websearch/search?select=41&ss=up&cflg=%e6%a4%9c%e7%b4%a2&chartype=&Text=%e3%82%a2%e3%83%b3%e3%83%91%e3%83%b3%e3%83%9e%e3%83%b3%e3%81%a8%e3%83%9d%e3%83%83%e3%83%9d%e3%81%a1%e3%82%83%e3%82%93,Text,アンパンマンとポッポちゃん
http://search.azby.fmworld.net/websearch/search?select=41&ss=up&cflg=%e6%a4%9c%e7%b4%a2&chartype=&Text=%e3%82%ab%e3%83%bc%e3%83%93%e3%82%a3%e3%81%ae%e3%83%9c%e3%82%b9%e3%81%9f%e3%81%a1,Text,カービィのボスたち
http://search.crav-ing.com/search?q=%e3%82%a2%e3%83%b3%e3%83%91%e3%83%b3%e3%83%9e%e3%83%b3+%e3%83%9d%e3%83%83%e3%83%9d%e3%83%81%e3%83%a3%e3%83%b3&mt=youtube&ienc=UTF-8&utm_source=ce1.x&utm_campaign=ce&utm_medium=explorer,q,アンパンマン ポッポチャン
http://search.crav-ing.com/search?utm_source=ce1.x&utm_campaign=ce&ienc=UTF-8&utm_medium=searchbox&q=%e3%81%b0%e3%81%84%e3%81%8d%e3%82%93%e3%81%be%e3%82%93%e3%81%a8%e3%83%84%e3%83%9c%e3%83%9f%e3%81%a1%e3%82%83%e3%82%93,q,ばいきんまんとツボミちゃん
http://search.dolphin-browser.jp/?q=%e3%82%af%e3%83%aa%e3%82%a2%e3%83%b3%e3%83%91%e3%83%b3%e3%83%9e%e3%83%b3 %e5%8b%95%e7%94%bb,q,クリアンパンマン 動画
http://search.dolphin-browser.jp/?q=%e3%83%89%e3%83%a9%e3%82%b4%e3%83%b3%e3%82%af%e3%82%a8%e3%82%b9%e3%83%8810 %e3%83%89%e3%83%af%e3%83%bc%e3%83%95 %e7%99%bb%e5%a0%b4%e3%82%ad%e3%83%a3%e3%83%a9%e3%82%af%e3%82%bf%e3%83%bc,q,ドラゴンクエスト10 ドワーフ 登場キャラクター
http://search.fenrir-inc.com/?hl=ja&channel=sleipnir_3_w&safe=off&lr=all&q=%e3%81%8a%e3%82%84%e3%81%93%e3%81%a9%e3%82%93%e3%81%a1%e3%82%83%e3%82%93,q,おやこどんちゃん
http://search.fenrir-inc.com/?hl=ja&channel=sleipnir_3_w&safe=off&lr=all&q=%e3%82%a2%e3%83%b3%e3%83%91%e3%83%b3%e3%83%9e%e3%83%b3%ef%bc%a4%ef%bc%a2,q,アンパンマンＤＢ
http://search.fooooo.com/web/?q=%e3%82%a2%e3%83%b3%e3%83%91%e3%83%b3%e3%83%9e%e3%83%b3+%e3%81%82%e3%81%8f%e3%81%b3%e3%81%a9%e3%82%8a+%e3%82%ad%e3%83%a3%e3%83%a9%e3%82%af%e3%82%bf%e3%83%bc+%e3%82%a4%e3%83%a9%e3%82%b9%e3%83%88&fr=_default&span=&language=,q,アンパンマン あくびどり キャラクター イラスト
http://search.fooooo.com/web/?q=%e3%82%a2%e3%83%b3%e3%83%91%e3%83%b3%e3%83%9e%e3%83%b3+%e3%82%ad%e3%83%a3%e3%83%a9%e3%82%af%e3%82%bf%e3%83%bc+%e3%83%94%e3%83%bc%e3%83%9e%e3%83%b3%e3%83%88%e3%83%aa%e3%82%aa+%e3%83%94%e3%83%bc%e3%83%9e%e3%83%b3&fr=_default&span=&language=,q,アンパンマン キャラクター ピーマントリオ ピーマン
http://search.freespot.com/search?q=%e3%81%8a%e3%81%97%e3%82%93%e3%81%93%e3%81%a1%e3%82%83%e3%82%93&type=web&ref=,q,おしんこちゃん
http://search.freespot.com/search?q=%e3%81%93%e3%81%8a%e3%82%8a%e3%81%8a%e3%81%ab+%e3%82%a2%e3%83%b3%e3%83%91%e3%83%b3%e3%83%9e%e3%83%b3&type=web&ref=,q,こおりおに アンパンマン
http://search.goo.ne.jp/web.jsp?IE=UTF-8&OE=UTF-8&from=ocn_Default&PT=ocn_Default&sbd=ocn001&MT=%e7%88%86%e3%83%9c%e3%83%b3%e3%83%90%e3%83%bc%e3%83%9e%e3%83%b364,MT,爆ボンバーマン64
http://search.goo.ne.jp/web.jsp?MT=%e3%81%9d%e3%82%8c%e3%81%84%e3%81%91%ef%bc%81%e3%82%a2%e3%83%b3%e3%83%91%e3%83%b3%e3%83%9e%e3%83%b3tgws&IE=sjis&OE=UTF-8&from=myvaiotop&PT=myvaio&sbd=sony001&MD=PC,MT,それいけ！アンパンマンtgws
http://search.jiqoo.jp/search?q=%e3%81%8a%e3%82%80%e3%81%99%e3%81%b3%e3%81%be%e3%82%93%e3%81%a8%e3%81%a9%e3%81%86%e3%81%8f%e3%81%a4%e3%81%8b%e3%81%84%e3%81%98%e3%82%93&act=&ienc=UTF-8&x=0&y=0,q,おむすびまんとどうくつかいじん
http://search.jiqoo.jp/search?q=%e3%82%a2%e3%83%b3%e3%83%91%e3%83%b3%e3%83%9e%e3%83%b3%e3%81%a8%e3%83%9d%e3%83%83%e3%83%9d%e3%81%a1%e3%82%83%e3%82%93&act=&ienc=UTF-8&x=0&y=0,q,アンパンマンとポッポちゃん
http://search.kawaii.aswidget.com/?Keywords=%e3%82%a2%e3%83%b3%e3%83%91%e3%83%b3%e3%83%9e%e3%83%b3%e3%81%ae%e7%94%bb%e5%83%8f&lang=&page=3&ref=snoopy01,Keywords,アンパンマンの画像
http://search.kawaii.aswidget.com/?ref=snoopy02&Keywords=%e3%83%91%e3%82%b9%e3%82%bf%e3%81%8a%e3%81%b0%e3%81%95%e3%82%93,Keywords,パスタおばさん
http://search.livedoor.com/search?ie=utf-8&q=%e3%82%a2%e3%83%b3%e3%83%91%e3%83%b3%e3%83%9e%e3%83%b3%e5%bf%85%e6%ae%ba%e6%8a%80&search_btn=1,q,アンパンマン必殺技
http://search.nifty.com/websearch/search?select=2&ss=nifty_top_tp&cflg=%e6%a4%9c%e7%b4%a2&q=%e3%82%a2%e3%83%b3%e3%83%91%e3%83%b3%e3%83%9e%e3%83%b398+%e3%81%a1%e3%81%b3%e3%81%9e%e3%81%86%e3%81%8f%e3%82%93&otype=web_nifty_1,q,アンパンマン98 ちびぞうくん
http://search.nifty.com/websearch/search?select=2&ss=up&cflg=%e6%a4%9c%e7%b4%a2&chartype=&Text=%e3%81%8f%e3%82%89%e3%82%84%e3%81%bf%e3%81%be%e3%82%93db,Text,くらやみまんdb
http://search.plushome.aswidget.com/?Keywords=%e3%81%8a%e3%81%8f%e3%82%89%e3%81%a1%e3%82%83%e3%82%93%e7%94%bb%e5%83%8f&type=web&ref=android,Keywords,おくらちゃん画像
http://search.plushome.aswidget.com/?Keywords=%e3%83%90%e3%82%a4%e3%82%ad%e3%83%b3%e3%83%9e%e3%83%b3%e3%83%ad%e3%83%9c%e3%83%83%e3%83%88&type=web&ref=android,Keywords,バイキンマンロボット
http://search.smt.docomo.ne.jp/result?MT=%e3%81%bd%e3%81%a3%e3%81%bd%e3%81%a1%e3%82%83%e3%82%93&SID=000&IND=000&TPLID=&UNIT=&URANK=&SPAGE=&PAGE=1,MT,ぽっぽちゃん
http://search.smt.docomo.ne.jp/result?MT=%e3%82%a2%e3%83%b3%e3%83%91%e3%83%b3%e3%83%9e%e3%83%b3DB&SID=000&IND=000&TPLID=&UNIT=&URANK=&SPAGE=&PAGE=1,MT,アンパンマンDB
http://search.yahoo.co.jp/search?p=%e3%83%9b%e3%83%a9%e3%83%bc%e3%83%9e%e3%83%b3&ei=UTF-8&fr=applpd,p,ホラーマン
http://search.yahoo.com/search?p=%e3%81%97%e3%82%87%e3%81%8f%e3%81%b1%e3%82%93%e3%81%be%e3%82%93+%e5%bc%b1%e3%82%8b&fr=onesearchnew,p,しょくぱんまん 弱る
http://search.yahoo.com/search?p=%e3%83%95%e3%83%a9%e3%83%b3%e3%82%b1%e3%83%b3%e3%83%ad%e3%83%9c+%e3%83%91%e3%83%91&fr=onesearchnew,p,フランケンロボ パパ
http://sp-web.search.auone.jp/search?client=mobile-kddi&channel=android&sr=0000&q=%e3%82%a2%e3%83%b3%e3%83%91%e3%83%b3%e3%83%9e%e3%83%b3%e9%b3%a5%e3%82%ad%e3%83%a3%e3%83%a9&tr=4280133cb2782c6a,q,アンパンマン鳥キャラ
http://sp-web.search.auone.jp/search?client=mobile-kddi&channel=android&sr=0000&q=%e5%85%83%e6%b0%973%e5%80%8d%e3%82%a2%e3%83%b3%e3%83%91%e3%83%b3%e3%83%9e%e3%83%b3&tr=5354193e1b56b72b,q,元気3倍アンパンマン
http://th.search.yahoo.com/search?p=%e3%81%a6%e3%82%93%e3%81%a9%e3%82%93%e3%81%be%e3%82%93&fr=ipad&pcarrier=NTT+DOCOMO&pmcc=440&pmnc=10,p,てんどんまん
http://th.search.yahoo.com/search?p=%e9%95%b7%e3%83%8d%e3%82%ae%e3%83%9e%e3%83%b3&fr=ipad&pcarrier=NTT+DOCOMO&pmcc=440&pmnc=10,p,長ネギマン
http://v-buster.jword.jp/search?q=%e3%81%bf%e3%81%aa%e3%81%bf%e3%81%ae%e5%b3%b6%e3%82%92%e3%81%99%e3%81%8f%e3%81%88&act=&ienc=UTF-8&x=0&y=0,q,みなみの島をすくえ
http://v-buster.jword.jp/search?q=%e3%81%bf%e3%81%aa%e3%81%bf%e3%81%ae%e5%b3%b6%e3%82%92%e3%81%99%e3%81%8f%e3%81%88+%e5%8b%95%e7%94%bb&domain=,q,みなみの島をすくえ 動画
http://wakwakpc.starthome.jp/type/web/page/1/?area=web-searchbox&keyword=%e3%81%8e%e3%82%93%e3%81%84%e3%82%8d%e3%81%be%e3%82%93,keyword,ぎんいろまん
http://wakwakpc.starthome.jp/type/web/page/1/?area=web-searchbox&keyword=%e3%83%a0%e3%83%bc%e3%83%b3%e5%a7%ab,keyword,ムーン姫
http://websearch.excite.co.jp/?q=%e3%81%8a%e3%82%84%e3%81%93%e3%81%a9%e3%82%93%e3%81%a1%e3%82%83%e3%82%93&look=excite_jp&sstype=&search_suggest=,q,おやこどんちゃん
http://websearch.excite.co.jp/?q=%e3%82%84%e3%81%8d%e3%81%9d%e3%81%b0%e3%83%91%e3%83%b3%e3%83%9e%e3%83%b3&charset=utf8&look=excite-iphone_jp&searchsubmit=%e6%a4%9c%e7%b4%a2,q,やきそばパンマン
http://websearch.rakuten.co.jp/?tool_id=1&pid=1&rid=2000&ref=ff&qt=%e3%82%89%e3%81%8f%e3%81%8c%e3%81%8d%e3%81%93%e3%81%9e%e3%81%86,qt,らくがきこぞう
http://websearch.rakuten.co.jp/?tool_id=1&pid=1&rid=2000&ref=ff&qt=%e3%82%ad%e3%83%8e%e3%82%b3%e3%83%96%e3%83%a9%e3%82%b6%e3%83%bc%e3%82%ba+%e3%82%a2%e3%83%b3%e3%83%91%e3%83%b3%e3%83%9e%e3%83%b3,qt,キノコブラザーズ アンパンマン
http://www.benri.com/kensaku/yahoo_search.php?Mode=YSPweb&Keywords=%e3%81%a9%e3%81%8d%e3%82%93%e3%81%a1%e3%82%83%e3%82%93,Keywords,どきんちゃん
http://www.bing.com/search?q=%e3%82%a2%e3%83%b3%e3%83%91%e3%83%b3%e3%83%9e%e3%83%b3%ef%bd%84%ef%bd%82&src=IE-TopResult&FORM=IETR02&conversationid=&pc=EUPP_,q,アンパンマンｄｂ
http://www.google.co.jp/search?client=ds&hl=ja&rls=com.nintendo.ds:2+JP&ie=utf8&oe=utf8&q=%e7%88%86%e3%83%9c%e3%83%b3%e3%83%90%e3%83%bc%e3%83%9e%e3%83%b3+%e6%94%bb%e7%95%a5,q,爆ボンバーマン 攻略
http://www.google.co.jp/search?q=%e3%82%a2%e3%83%b3%e3%83%91%e3%83%b3%e3%83%9e%e3%83%b3%e9%9b%bb%e6%b0%97%e3%81%aa%e3%81%be%e3%81%9a%e3%81%be%e3%82%93&tbm=isch&hl=ja&sa=X&as_q=&spell=1&ved=0ahUKEwiJk52X8e3jAhVHUN4KHWW6DaYQBQgJKAA,as_q,アンパンマン電気なまずまん
http://www.google.co.kr/search?q=%e3%82%b8%e3%83%a3%e3%83%a0%e3%81%8a%e3%81%98%e3%81%95%e3%82%93%e3%81%a8%e3%81%a9%e3%81%b3%e3%82%93%e3%82%80%e3%81%97%e5%a7%ab&spell=1&sa=X&ved=0ahUKEwjCh9K1wqnUAhWJoZQKHWXTAOoQvwUIFigA&biw=360&bih=573,q,ジャムおじさんとどびんむし姫
http://www.google.es/search?q=%e3%82%a2%e3%83%b3%e3%83%91%e3%83%b3%e3%83%9e%e3%83%b3%e3%80%8c%e5%83%95%e3%81%af%e6%9c%ac%e5%bd%93%e3%81%ab%e5%90%9b%e3%81%ae%e4%ba%8b%e3%81%8c%e3%80%8d&hl=ja&safe=off&gws_rd=cr&ei=MFRpWP3XOMuzUuignvgO,q,アンパンマン「僕は本当に君の事が」
http://www.google.it/search?client=ms-android-samsung&source=android-home&site=webhp&source=hp&ei=WT6vWMzCAcLZU7vWibgH&q=%e3%82%b3%e3%82%ad%e3%83%b3%e3%81%a1%e3%82%83%e3%82%93&oq=%e3%82%b3%e3%82%ad%e3%83%b3%e3%81%a1%e3%82%83%e3%82%93&gs_l=mobile-gws-hp.12..0l5.5050061.5052418.0.5053508.6.6.0.1.1.0.658.2610.3-4j1j1.6.0....0...1c.1.64.mobile-gws-hp..0.6.1998.3..41j0i4k1._H0nlp8V4Jk,q,コキンちゃん
http://www.msn.com/ja-jp/entertainment/search?q=%e3%82%a8%e3%82%af%e3%83%ac%e3%82%a2%e3%81%a1%e3%82%83%e3%82%93&form=PRENSB&mkt=ja-jp&httpsmsn=1&refig=e904352c716d44e19a16bcde3e986c83&pq=%e3%82%a8%e3%82%af%e3%83%ac%e3%82%a2%e3%81%a1%e3%82%83%e3%82%93&sc=3-7&sp=-1&qs=n&sk=,q,エクレアちゃん
http://www.search.ask.com/web?apn_dtid=^OSJ000^YY^JP&apn_dbr=ie_11.0.9600.17280&psv=&itbv=12.16.2.54&p2=^BE7^OSJ000^YY^JP&apn_ptnrs=BE7&o=APN11461&gct=hp&pf=V7&tpid=ORJ-ST-SPE&trgb=IE&pt=tb&apn_uid=414833AE-FFBF-4788-B2EA-DAB78211FE78&doi=2014-09-27&ts=1478430289784&tpr=10&q=%e3%83%89%e3%82%ad%e3%83%b3%e3%81%a1%e3%82%83%e3%82%93%e3%81%ae%e3%83%80%e3%83%b3%e3%82%b9%e3%83%91%e3%83%bc%e3%83%86%e3%82%a3%e3%83%bc&page=2&ots=1478430352957,q,ドキンちゃんのダンスパーティー
http://www.search.ask.com/web?o=APN11406&p2=^BBE^OSJ000^YY^JP&tpid=ORJ-SPE&gct=bar&apn_uid=53F600D4-A176-49DA-B88D-9FA890C8D8BD&apn_ptnrs=BBE&apn_dtid=^OSJ000^YY^JP&apn_dbr=ie_9.0.8112.16599&itbv=12.23.0.15&doi=2015-01-21&trgb=IE&tbv=12.23.0.15&crxv=135.7&pf=V7&pt=tb&psv=&q=%e3%81%82%e3%82%93%e3%81%b1%e3%82%93%e3%81%be%e3%82%93%e3%81%8a%e3%81%ab%e3%81%8e%e3%82%8a%e3%81%be%e3%82%93,q,あんぱんまんおにぎりまん
http://www.searchmobileonline.com/search?q=%e3%83%95%e3%82%af%e3%83%a9%e3%83%9e%e3%82%b9%e3%83%80%e3%82%b3&act=3&cat=WEB,q,フクラマスダコ
http://www.unisearch.jp/type/web?area=web-searchbox&page=1&keyword=%e3%82%a2%e3%83%b3%e3%83%91%e3%83%b3%e3%83%9e%e3%83%b3+%e3%83%8b%e3%83%a3%e3%83%8b%e3%82%a3+%e9%a1%94&area=web-searchbox&page=1,keyword,アンパンマン ニャニィ 顔
https://app.websearch.rakuten.co.jp/websearch?ref=searchbox&qt=%e3%81%8b%e3%81%a4%e3%81%b6%e3%81%97%e3%81%be%e3%82%93&client_id=1&col=OW&tool_id=1&filter=1&redirect=1,qt,かつぶしまん
https://app.websearch.rakuten.co.jp/websearch?ref=searchbox&qt=%e3%82%ab%e3%83%ac%e3%83%bc%e3%83%91%e3%83%b3%e3%83%9e%e3%83%b3&client_id=1&col=OW&tool_id=1&filter=1&redirect=11,qt,カレーパンマン
https://cse.google.co.jp/cse?siteurl=www.linksyu.com/&ref=&ss=5253j2477437j14&cx=partner-pub-8333114187919946:5732207765&ie=UTF-8&q=%e7%99%bd%e7%8e%89%e3%81%95%e3%82%93&sa=%e6%a4%9c%e7%b4%a2,q,白玉さん
https://encrypted.google.com/search?hl=ja&ei=D-y3WayZFoKu0gTy44DIBQ&q=%e3%81%a6%e3%82%93%e3%81%a9%e3%82%93%e3%81%be%e3%82%93+%e6%ad%8c&oq=%e3%81%a6%e3%82%93%e3%81%a9%e3%82%93%e3%81%be%e3%82%93+%e6%ad%8c&gs_l=mobile-gws-serp.3..0l5.3369.13082.0.13842.24.22.0.0.0.0.165.2215.12j9.21.0....0...1.1j4.64.mobile-gws-serp..5.4.525...33i21k1j0i30k1.Ozp5yrS_bKU,q,てんどんまん 歌
https://hk.images.search.yahoo.com/search/images;_ylt=A2oKmLUqrTdYTXwASsuzygt.;_ylu=X3oDMTE1cXY4Y2VqBGNvbG8Dc2czBHBvcwMxBHZ0aWQDSEtDMDA4XzEEc2VjA3BpdnM-?p=%e6%9d%9f%e7%b8%9b&fr=yfp-t-117-s-hk&fr2=piv-web,p,束縛
https://hk.images.search.yahoo.com/search/images;_ylt=A8tUwYZj8SNYlicA1eSzygt.;_ylu=X3oDMTE0bHJ0ZXU0BGNvbG8DdHcxBHBvcwMxBHZ0aWQDQjI1NDhfMQRzZWMDcGl2cw--?p=%e6%9d%9f%e7%b8%9b&fr=fp-handwrite-405-hk&fr2=piv-web,p,束縛
https://insertmedia.bing.office.net/images/hosted/search?host=office&adlt=strict&FORM=OHSBOX&fb=0&p=0&t=0&a=1&idp=ad&lid=1&lcid=1041&syslcid=1041&uilcid=1041&app=3&ver=15&tl=2&searchtype=Image&cfd=0&moss=0&ins=1&albm=0&eurl=0&msel=1&sl=all&pi=1&setLang=ja-JP&cw=695&ch=409&qft=+filterui:licenseType-Any&q=%e3%82%a2%e3%83%b3%e3%83%91%e3%83%b3%e3%83%81+GIF,q,アンパンチ GIF
https://japaneseclass.jp/img/%e7%b7%9a%e5%88%86,=HttpUtility.UrlDecode(uri.AbsolutePath.Split('/').Last()),線分
https://nortonsafe.search.ask.com/web?chn=1000720&doi=2016-09-01&geo=JP&guid=017E2C4B-8AA2-4E1C-A3FD-60F0297723DF&locale=ja_JP&o=APN11915&p2=^ET^ih10jp^&page=1&prt=NS&ver=22&q=PVD%e3%81%a8%e3%81%8bCVD%e3%81%a8%e3%81%8b&tpr=5&ots=1479905361998,q,PVDとかCVDとか
https://s.cube-soft.jp/search/?q=%e3%82%a8%e3%82%af%e3%83%ac%e3%82%a2%e3%81%95%e3%82%93&mode=top,q,エクレアさん
https://search.kensakuplus.com/web?q=%e3%81%8b%e3%81%84%e3%81%98%e3%82%85%e3%81%86%e3%83%90%e3%83%aa%e3%83%b3%e3%82%ac%e3%83%bc&secret=false&ref=url_input&search_count=8&view_count=14&theme=cyan,q,かいじゅうバリンガー
https://search.kensakuplus.com/web?q=%e3%82%a2%e3%83%b3%e3%83%91%e3%83%b3%e3%83%9e%e3%83%b3+%e3%81%94%e3%82%8d%e3%82%93%e3%81%94%e3%82%8d&secret=false&ref=url_input&theme=cyan,q,アンパンマン ごろんごろ
https://search.kinza.jp/web/?q=%e3%83%89%e3%82%ad%e3%83%b3%e3%81%a1%e3%82%83%e3%82%93&fr=newtab&span=&language=,q,ドキンちゃん
https://search.kinza.jp/web/?q=dokinnchann&fr=newtab,q,dokinnchann
https://search.myjcom.jp/cgi-bin/search-web?q=%e5%b9%b4%e8%b3%80%e7%8a%b6+%e3%82%a2%e3%83%b3%e3%83%91%e3%83%b3%e3%83%9e%e3%83%b3+%e3%83%81%e3%83%bc%e3%82%ba&num=10&ie=utf8,q,年賀状 アンパンマン チーズ
https://search.searchnewsplus.com/web?q=%e3%81%82%e3%82%93%e3%81%b1%e3%82%93%e3%81%be%e3%82%93 %e5%a4%8f%e3%81%be%e3%81%a4%e3%82%8a&secret=false&ref=url_input&search_count=4&view_count=2&theme=vivid_pink,q,あんぱんまん 夏まつり
https://search.searchnewsplus.com/web?q=%e3%81%93%e3%81%8d%e3%82%93%e3%81%a1%e3%82%83%e3%82%93&secret=false&ref=url_input&theme=sky,q,こきんちゃん
https://www.bing.com/search?q=%e8%b5%a4%e3%81%a1%e3%82%83%e3%82%93%e3%83%9e%e3%83%b3&form=MB10782&mkt=en-US&setlang=en-US,q,赤ちゃんマン
https://www.ecosia.org/search?q=%e3%82%ab%e3%83%90%e3%82%aa%e3%81%8f%e3%82%93,q,カバオくん
https://www.google.co.jp/search?as_q=%e3%81%91%e3%82%80%e3%82%8a%e3%83%bc%e3%81%ac&as_epq=&as_oq=&as_eq=&as_nlo=&as_nhi=&lr=&cr=&as_qdr=all&as_sitesearch=&as_occt=any&safe=images&as_filetype=&as_rights=,q,けむりーぬ
https://www.google.co.jp/search?safe=active&sclient=tablet-gws&site=&source=hp&q=%e3%83%9c%e3%83%b3%e3%83%90%e3%83%bc%e3%83%9e%e3%83%b3+%e3%81%9b%e3%82%93%e3%81%97%e3%81%8b%e3%81%b6%e3%81%a8&oq=%e3%83%9c%e3%83%b3%e3%83%90%e3%83%bc%e3%83%9e%e3%83%b3+%e3%81%9b%e3%82%93%e3%81%97%e3%81%8b%e3%81%b6%e3%81%a8&gs_l=tablet-gws.3...2895.12324.0.13042.14.14.0.0.0.0.254.1737.0j9j2.11.0....0...1c.1.64.tablet-gws..3.6.911...0j0i4k1j0i131k1j0i4i30k1.ZUJEzHEEts8,q,ボンバーマン せんしかぶと
https://www.google.com.br/search?q=%e3%82%a2%e3%83%b3%e3%83%91%e3%83%b3%e3%83%9e%e3%83%b3%e8%aa%95%e7%94%9f%e3%81%a6%e3%82%93%e3%81%a9%e3%82%93%e3%81%be%e3%82%93&ie=utf-8&oe=utf-8&gws_rd=cr&ei=ebscWN7UJYeuwASH4JiYDA,q,アンパンマン誕生てんどんまん
https://www.google.com.br/search?q=%e3%82%a2%e3%83%b3%e3%83%91%e3%83%b3%e3%83%9e%e3%83%b3db&ie=utf-8&oe=utf-8&gws_rd=cr&ei=EL8cWOuNDcOewATExriYCg,q,アンパンマンdb
https://www.google.com/search?q=%e4%b8%89%e6%ac%a1%e5%85%83+%e7%b7%9a%e5%88%86+%e8%b7%9d%e9%9b%a2&ie=utf-8&oe=utf-8&client=firefox-b,q,三次元 線分 距離
https://www.info.com/serp?q=%e3%83%89%e3%82%ad%e3%83%b3%20%e3%81%a1%e3%82%83%e3%82%93%20%e3%83%9e%e3%82%b9%e3%82%b3%e3%83%83%e3%83%88&segment=info.0383&s1aid=5540979000&s1cid=1558341763&s1agid=61869701729&s1kid=kwd-298332292302&utm_source=adwords&gclid=EAIaIQobChMIibzu_u253gIVjWkqCh2RgAZUEAAYAiAAEgIv6_D_BwE,q,ドキン ちゃん マスコット
https://www.so-net.ne.jp/search/image/?query=%e8%99%ab%e6%ad%af%e3%83%ab%e3%83%b3%e3%83%ab%e3%83%b3&from=gp&suggest=gp_suggest_on,query,虫歯ルンルン
https://www.so.com/s?ie=utf-8&src=360se7_addr&q=%e3%81%97%e3%82%89%e3%81%9f%e3%81%be%e3%81%95%e3%82%93,q,しらたまさん
https://images.search.yahoo.com/images/view;_ylt=AwrT4R9BqK5eMj0ABxCInIlQ;_ylu=X3oDMTIydTdra251BHNlYwNzcgRzbGsDaW1nBG9pZAMzMDM5NGQ1Y2QxNTBhNzVjNDBjMGYwNjEwNzEyNzYzNQRncG9zAzIEaXQDYmluZw--?back=https://images.search.yahoo.com/search/images?p=%E3%83%AD%E3%82%B1%E3%83%83%E3%83%88%E3%82%A2%E3%83%B3%E3%83%91%E3%83%B3%E3%83%81&n=60&ei=UTF-8&fr2=p%3As%2Cv%3Ai%2Cm%3Asb-top&tab=organic&ri=2&w=320&h=179&imgurl=iwiz-chie.c.yimg.jp/im_siggGSf0OAwrNcAqm2.HD3TElQ---x320-y320-exp5m-n1/d/iwiz-chie/ans-436787550&rurl=https://detail.chiebukuro.yahoo.co.jp/qa/question_detail/q13178599533&size=10.7KB&name=%e3%82%a2%e3%83%b3%e3%83%91%e3%83%b3%e3%83%9e%e3%83%b3%e3%81%ae%e3%82%a2%e3%83%b3%e3%83%91%e3%83%b3%e3%83%81%e3%81%a3%e3%81%a6%e3%81%82%e3%82%8c%e3%81%a7%e3%82%82%e4%b8%80%e5%bf%9c%e6%89%8b%e5%8a%a0%e6%b8%9b%e3%81%97%e3%81%a6%e3%81%82%e3%81%92+...&p=%e3%83%ad%e3%82%b1%e3%83%83%e3%83%88%e3%82%a2%e3%83%b3%e3%83%91%e3%83%b3%e3%83%81&oid=30394d5cd150a75c40c0f06107127635,p,ロケットアンパンチ
https://kaikatsu.jword.jp/search.php?q=%e3%81%a7%e3%82%93%e3%81%a7%e3%82%93%e4%b8%80%e5%ba%a7&act=image&page=3,q,でんでん一座
https://www.google.com/search?as_q=%e3%83%90%e3%83%ac%e3%82%a8%e3%83%80%e3%83%b3%e3%82%b5%e3%83%bc%e3%82%bb%e3%83%83%e3%83%88&as_epq=&as_oq=&as_eq=%e9%80%9a%e8%b2%a9+%e9%80%81%e6%96%99+%e6%a5%bd%e5%a4%a9+%e3%82%a2%e3%83%9e%e3%82%be%e3%83%b3+%e4%ba%88%e7%b4%84&as_nlo=&as_nhi=&lr=&cr=&as_qdr=all&as_sitesearch=&as_occt=&safe=images&as_filetype=&as_rights=%e3%83%a9%e3%82%a4%e3%82%bb%e3%83%b3%e3%82%b9%e3%81%a7%e3%83%95%e3%82%a3%e3%83%ab%e3%82%bf%e3%83%aa%e3%83%b3%e3%82%b0%e3%81%97%e3%81%aa%e3%81%84&tbs=,as_q,バレエダンサーセット
https://m.search.naver.com/search.naver?where=m&sm=mtb_jum&query=%e3%81%93%e3%82%80%e3%81%99%e3%81%b3%e3%81%be%e3%82%93%e3%81%a8%e3%81%98%e3%82%87%e3%82%93%e3%81%8c%e3%82%89%e3%81%8f%e3%82%93,query,こむすびまんとじょんがらくん
https://search.naver.com/search.naver?sm=tab_hty.top&where=nexearch&query=%e6%98%9f%e3%81%ab%e3%81%84%e3%81%ae%e3%82%8b&oquery=%ed%8c%8c%ed%8c%8c%ea%b3%a0&tqi=U+fXEdprvOsssLiaZYNsssssty0-367332,query,星にいのる
